"trainer/global_step","sam_distill_scannet - loss/feature_magnitude_step","sam_distill_scannet - loss/feature_magnitude_step__MIN","sam_distill_scannet - loss/feature_magnitude_step__MAX","sam_distill_scannet - _step","sam_distill_scannet - _step__MIN","sam_distill_scannet - _step__MAX"
"9","1.16544508934021","1.16544508934021","1.16544508934021","23","23","23"
"19","1.0570286512374878","1.0570286512374878","1.0570286512374878","41","41","41"
"29","0.7620810270309448","0.7620810270309448","0.7620810270309448","58","58","58"
"39","0.37474584579467773","0.37474584579467773","0.37474584579467773","75","75","75"
"49","0.18436916172504425","0.18436916172504425","0.18436916172504425","92","92","92"
"59","0.2084989696741104","0.2084989696741104","0.2084989696741104","118","118","118"
"69","0.2224625200033188","0.2224625200033188","0.2224625200033188","135","135","135"
"79","0.1845792680978775","0.1845792680978775","0.1845792680978775","152","152","152"
"89","0.35958173871040344","0.35958173871040344","0.35958173871040344","169","169","169"
"99","0.3157433569431305","0.3157433569431305","0.3157433569431305","187","187","187"
"109","0.20258574187755585","0.20258574187755585","0.20258574187755585","212","212","212"
"119","0.14514942467212677","0.14514942467212677","0.14514942467212677","229","229","229"
"129","0.2285083383321762","0.2285083383321762","0.2285083383321762","242","242","242"
"139","0.20980271697044373","0.20980271697044373","0.20980271697044373","260","260","260"
"149","0.1939474493265152","0.1939474493265152","0.1939474493265152","277","277","277"
"159","0.16272889077663422","0.16272889077663422","0.16272889077663422","302","302","302"
"169","0.17325514554977417","0.17325514554977417","0.17325514554977417","320","320","320"
"179","0.2299623042345047","0.2299623042345047","0.2299623042345047","337","337","337"
"189","0.19309169054031372","0.19309169054031372","0.19309169054031372","354","354","354"
"199","0.17025932669639587","0.17025932669639587","0.17025932669639587","371","371","371"
"209","0.15890325605869293","0.15890325605869293","0.15890325605869293","397","397","397"
"219","0.23447182774543762","0.23447182774543762","0.23447182774543762","414","414","414"
"229","0.18552270531654358","0.18552270531654358","0.18552270531654358","431","431","431"
"239","0.16881275177001953","0.16881275177001953","0.16881275177001953","448","448","448"
"249","0.1413153111934662","0.1413153111934662","0.1413153111934662","466","466","466"
"259","0.2118704468011856","0.2118704468011856","0.2118704468011856","486","486","486"
"269","0.19680118560791016","0.19680118560791016","0.19680118560791016","504","504","504"
"279","0.2779179811477661","0.2779179811477661","0.2779179811477661","521","521","521"
"289","0.2125067263841629","0.2125067263841629","0.2125067263841629","539","539","539"
"299","0.18513022363185883","0.18513022363185883","0.18513022363185883","556","556","556"
"309","0.14292800426483154","0.14292800426483154","0.14292800426483154","581","581","581"
"319","0.17315684258937836","0.17315684258937836","0.17315684258937836","598","598","598"
"329","0.171945258975029","0.171945258975029","0.171945258975029","616","616","616"
"339","0.1896708458662033","0.1896708458662033","0.1896708458662033","633","633","633"
"349","0.1555182933807373","0.1555182933807373","0.1555182933807373","650","650","650"
"359","0.16680921614170074","0.16680921614170074","0.16680921614170074","671","671","671"
"369","0.20296086370944977","0.20296086370944977","0.20296086370944977","689","689","689"
"379","0.1281108856201172","0.1281108856201172","0.1281108856201172","706","706","706"
"389","0.24078740179538727","0.24078740179538727","0.24078740179538727","718","718","718"
"399","0.17220835387706757","0.17220835387706757","0.17220835387706757","736","736","736"
"409","0.17545421421527863","0.17545421421527863","0.17545421421527863","762","762","762"
"419","0.12566252052783966","0.12566252052783966","0.12566252052783966","779","779","779"
"429","0.1742914766073227","0.1742914766073227","0.1742914766073227","796","796","796"
"439","0.1214098259806633","0.1214098259806633","0.1214098259806633","813","813","813"
"449","0.16258104145526886","0.16258104145526886","0.16258104145526886","831","831","831"
"459","0.1765844076871872","0.1765844076871872","0.1765844076871872","856","856","856"
"469","0.1445731669664383","0.1445731669664383","0.1445731669664383","873","873","873"
"479","0.17416299879550934","0.17416299879550934","0.17416299879550934","890","890","890"
"489","0.1563282310962677","0.1563282310962677","0.1563282310962677","908","908","908"
"499","0.19545091688632965","0.19545091688632965","0.19545091688632965","925","925","925"
"509","0.14886163175106049","0.14886163175106049","0.14886163175106049","950","950","950"
"519","0.14621372520923615","0.14621372520923615","0.14621372520923615","963","963","963"
"529","0.15407051146030426","0.15407051146030426","0.15407051146030426","981","981","981"
"539","0.16335321962833405","0.16335321962833405","0.16335321962833405","998","998","998"
"549","0.23860301077365875","0.23860301077365875","0.23860301077365875","1015","1015","1015"
"559","0.1479424685239792","0.1479424685239792","0.1479424685239792","1041","1041","1041"
"569","0.1270110309123993","0.1270110309123993","0.1270110309123993","1058","1058","1058"
"579","0.15747137367725372","0.15747137367725372","0.15747137367725372","1075","1075","1075"
"589","0.13562409579753876","0.13562409579753876","0.13562409579753876","1092","1092","1092"
"599","0.14433233439922333","0.14433233439922333","0.14433233439922333","1110","1110","1110"
"609","0.15363958477973938","0.15363958477973938","0.15363958477973938","1135","1135","1135"
"619","0.16329827904701233","0.16329827904701233","0.16329827904701233","1152","1152","1152"
"629","0.15328693389892578","0.15328693389892578","0.15328693389892578","1169","1169","1169"
"639","0.14478403329849243","0.14478403329849243","0.14478403329849243","1187","1187","1187"
"649","0.1284070909023285","0.1284070909023285","0.1284070909023285","1199","1199","1199"
"659","0.20352227985858917","0.20352227985858917","0.20352227985858917","1225","1225","1225"
"669","0.2676272988319397","0.2676272988319397","0.2676272988319397","1242","1242","1242"
"679","0.1334160715341568","0.1334160715341568","0.1334160715341568","1260","1260","1260"
"689","0.12740586698055267","0.12740586698055267","0.12740586698055267","1277","1277","1277"
"699","0.15277759730815887","0.15277759730815887","0.15277759730815887","1294","1294","1294"
"709","0.14618487656116486","0.14618487656116486","0.14618487656116486","1319","1319","1319"
"719","0.12852385640144348","0.12852385640144348","0.12852385640144348","1337","1337","1337"
"729","0.15970128774642944","0.15970128774642944","0.15970128774642944","1354","1354","1354"
"739","0.12609916925430298","0.12609916925430298","0.12609916925430298","1371","1371","1371"
"749","0.2558177709579468","0.2558177709579468","0.2558177709579468","1388","1388","1388"
"759","0.16564436256885529","0.16564436256885529","0.16564436256885529","1414","1414","1414"
"769","0.11049483716487885","0.11049483716487885","0.11049483716487885","1431","1431","1431"
"779","0.13953816890716553","0.13953816890716553","0.13953816890716553","1443","1443","1443"
"789","0.16970697045326233","0.16970697045326233","0.16970697045326233","1461","1461","1461"
"799","0.13993830978870392","0.13993830978870392","0.13993830978870392","1479","1479","1479"
"809","0.15172886848449707","0.15172886848449707","0.15172886848449707","1504","1504","1504"
"819","0.12522351741790771","0.12522351741790771","0.12522351741790771","1521","1521","1521"
"829","0.17709869146347046","0.17709869146347046","0.17709869146347046","1538","1538","1538"
"839","0.13764315843582153","0.13764315843582153","0.13764315843582153","1556","1556","1556"
"849","0.10852265357971191","0.10852265357971191","0.10852265357971191","1573","1573","1573"
"859","0.11950474232435226","0.11950474232435226","0.11950474232435226","1598","1598","1598"
"869","0.14072240889072418","0.14072240889072418","0.14072240889072418","1615","1615","1615"
"879","0.17425347864627838","0.17425347864627838","0.17425347864627838","1633","1633","1633"
"889","0.12872613966464996","0.12872613966464996","0.12872613966464996","1650","1650","1650"
"899","0.12876056134700775","0.12876056134700775","0.12876056134700775","1667","1667","1667"
"909","0.15998117625713348","0.15998117625713348","0.15998117625713348","1688","1688","1688"
"919","0.23387347161769867","0.23387347161769867","0.23387347161769867","1706","1706","1706"
"929","0.15542015433311462","0.15542015433311462","0.15542015433311462","1723","1723","1723"
"939","0.14016397297382355","0.14016397297382355","0.14016397297382355","1740","1740","1740"
"949","0.1572820246219635","0.1572820246219635","0.1572820246219635","1758","1758","1758"
"959","0.11970479041337967","0.11970479041337967","0.11970479041337967","1783","1783","1783"
"969","0.1085263341665268","0.1085263341665268","0.1085263341665268","1800","1800","1800"
"979","0.15169627964496613","0.15169627964496613","0.15169627964496613","1817","1817","1817"
"989","0.11463113874197006","0.11463113874197006","0.11463113874197006","1835","1835","1835"
"999","0.3469702899456024","0.3469702899456024","0.3469702899456024","1852","1852","1852"
"1009","0.14330798387527466","0.14330798387527466","0.14330798387527466","1873","1873","1873"
"1019","0.15581223368644714","0.15581223368644714","0.15581223368644714","1890","1890","1890"
"1029","0.12056880444288254","0.12056880444288254","0.12056880444288254","1908","1908","1908"
"1039","0.17299872636795044","0.17299872636795044","0.17299872636795044","1920","1920","1920"
"1049","0.13084489107131958","0.13084489107131958","0.13084489107131958","1938","1938","1938"
"1059","0.14720936119556427","0.14720936119556427","0.14720936119556427","1963","1963","1963"
"1069","0.12409565597772598","0.12409565597772598","0.12409565597772598","1981","1981","1981"
"1079","0.17214563488960266","0.17214563488960266","0.17214563488960266","1998","1998","1998"
"1089","0.11346901953220367","0.11346901953220367","0.11346901953220367","2015","2015","2015"
"1099","0.11646644026041031","0.11646644026041031","0.11646644026041031","2032","2032","2032"
"1109","0.14103801548480988","0.14103801548480988","0.14103801548480988","2058","2058","2058"
"1119","0.12602342665195465","0.12602342665195465","0.12602342665195465","2075","2075","2075"
"1129","0.12510186433792114","0.12510186433792114","0.12510186433792114","2092","2092","2092"
"1139","0.13763152062892914","0.13763152062892914","0.13763152062892914","2109","2109","2109"
"1149","0.19085349142551422","0.19085349142551422","0.19085349142551422","2127","2127","2127"
"1159","0.12617942690849304","0.12617942690849304","0.12617942690849304","2152","2152","2152"
"1169","0.1743849664926529","0.1743849664926529","0.1743849664926529","2164","2164","2164"
"1179","0.12991543114185333","0.12991543114185333","0.12991543114185333","2182","2182","2182"
"1189","0.15451550483703613","0.15451550483703613","0.15451550483703613","2200","2200","2200"
"1199","0.12379761785268784","0.12379761785268784","0.12379761785268784","2217","2217","2217"
"1209","0.124061718583107","0.124061718583107","0.124061718583107","2242","2242","2242"
"1219","0.12758773565292358","0.12758773565292358","0.12758773565292358","2259","2259","2259"
"1229","0.13362754881381989","0.13362754881381989","0.13362754881381989","2277","2277","2277"
"1239","0.12773586809635162","0.12773586809635162","0.12773586809635162","2294","2294","2294"
"1249","0.13705988228321075","0.13705988228321075","0.13705988228321075","2311","2311","2311"
"1259","0.16509246826171875","0.16509246826171875","0.16509246826171875","2336","2336","2336"
"1269","0.17264629900455475","0.17264629900455475","0.17264629900455475","2354","2354","2354"
"1279","0.16001445055007935","0.16001445055007935","0.16001445055007935","2371","2371","2371"
"1289","0.11200398951768875","0.11200398951768875","0.11200398951768875","2388","2388","2388"
"1299","0.1445637345314026","0.1445637345314026","0.1445637345314026","2401","2401","2401"
"1309","0.2213452160358429","0.2213452160358429","0.2213452160358429","2427","2427","2427"
"1319","0.12773238122463226","0.12773238122463226","0.12773238122463226","2444","2444","2444"
"1329","0.16147802770137787","0.16147802770137787","0.16147802770137787","2461","2461","2461"
"1339","0.14258046448230743","0.14258046448230743","0.14258046448230743","2479","2479","2479"
"1349","0.14533157646656036","0.14533157646656036","0.14533157646656036","2496","2496","2496"
"1359","0.14523091912269592","0.14523091912269592","0.14523091912269592","2521","2521","2521"
"1369","0.24785549938678741","0.24785549938678741","0.24785549938678741","2538","2538","2538"
"1379","0.12531806528568268","0.12531806528568268","0.12531806528568268","2556","2556","2556"
"1389","0.13649705052375793","0.13649705052375793","0.13649705052375793","2573","2573","2573"
"1399","0.22718636691570282","0.22718636691570282","0.22718636691570282","2590","2590","2590"
"1409","0.14078183472156525","0.14078183472156525","0.14078183472156525","2615","2615","2615"
"1419","0.11035136133432388","0.11035136133432388","0.11035136133432388","2633","2633","2633"
"1429","0.1252129077911377","0.1252129077911377","0.1252129077911377","2645","2645","2645"
"1439","0.13477811217308044","0.13477811217308044","0.13477811217308044","2663","2663","2663"
"1449","0.14567434787750244","0.14567434787750244","0.14567434787750244","2680","2680","2680"
"1459","0.1459272801876068","0.1459272801876068","0.1459272801876068","2706","2706","2706"
"1469","0.14113299548625946","0.14113299548625946","0.14113299548625946","2723","2723","2723"
"1479","0.12572325766086578","0.12572325766086578","0.12572325766086578","2740","2740","2740"
"1489","0.11586061120033264","0.11586061120033264","0.11586061120033264","2757","2757","2757"
"1499","0.16284672915935516","0.16284672915935516","0.16284672915935516","2775","2775","2775"
"1509","0.14814427495002747","0.14814427495002747","0.14814427495002747","2800","2800","2800"
"1519","0.14105501770973206","0.14105501770973206","0.14105501770973206","2817","2817","2817"
"1529","0.2666063606739044","0.2666063606739044","0.2666063606739044","2834","2834","2834"
"1539","0.1499001830816269","0.1499001830816269","0.1499001830816269","2852","2852","2852"
"1549","0.11437267810106277","0.11437267810106277","0.11437267810106277","2869","2869","2869"
"1559","0.17840303480625153","0.17840303480625153","0.17840303480625153","2889","2889","2889"
"1569","0.1511736959218979","0.1511736959218979","0.1511736959218979","2907","2907","2907"
"1579","0.11519196629524231","0.11519196629524231","0.11519196629524231","2925","2925","2925"
"1589","0.13359028100967407","0.13359028100967407","0.13359028100967407","2942","2942","2942"
"1599","0.13967104256153107","0.13967104256153107","0.13967104256153107","2959","2959","2959"
"1609","0.10384559631347656","0.10384559631347656","0.10384559631347656","2984","2984","2984"
"1619","0.11807158589363098","0.11807158589363098","0.11807158589363098","3002","3002","3002"
"1629","0.1209995225071907","0.1209995225071907","0.1209995225071907","3019","3019","3019"
"1639","0.11845944076776505","0.11845944076776505","0.11845944076776505","3036","3036","3036"
"1649","0.23436351120471954","0.23436351120471954","0.23436351120471954","3053","3053","3053"
"1659","0.18168456852436066","0.18168456852436066","0.18168456852436066","3079","3079","3079"
"1669","0.12768353521823883","0.12768353521823883","0.12768353521823883","3096","3096","3096"
"1679","0.10961543023586273","0.10961543023586273","0.10961543023586273","3113","3113","3113"
"1689","0.12543298304080963","0.12543298304080963","0.12543298304080963","3126","3126","3126"
"1699","0.18516278266906738","0.18516278266906738","0.18516278266906738","3144","3144","3144"
"1709","0.16052581369876862","0.16052581369876862","0.16052581369876862","3169","3169","3169"
"1719","0.11437670141458511","0.11437670141458511","0.11437670141458511","3186","3186","3186"
"1729","0.13186967372894287","0.13186967372894287","0.13186967372894287","3204","3204","3204"
"1739","0.08769920468330383","0.08769920468330383","0.08769920468330383","3221","3221","3221"
"1749","0.13709309697151184","0.13709309697151184","0.13709309697151184","3238","3238","3238"
"1759","0.13523264229297638","0.13523264229297638","0.13523264229297638","3263","3263","3263"
"1769","0.11115169525146484","0.11115169525146484","0.11115169525146484","3281","3281","3281"
"1779","0.11809179931879044","0.11809179931879044","0.11809179931879044","3298","3298","3298"
"1789","0.32465726137161255","0.32465726137161255","0.32465726137161255","3315","3315","3315"
"1799","0.13035301864147186","0.13035301864147186","0.13035301864147186","3332","3332","3332"
"1809","0.11478251963853836","0.11478251963853836","0.11478251963853836","3358","3358","3358"
"1819","0.1306939423084259","0.1306939423084259","0.1306939423084259","3370","3370","3370"
"1829","0.11656127125024796","0.11656127125024796","0.11656127125024796","3388","3388","3388"
"1839","0.18056213855743408","0.18056213855743408","0.18056213855743408","3405","3405","3405"
"1849","0.1250629723072052","0.1250629723072052","0.1250629723072052","3423","3423","3423"
"1859","0.13509054481983185","0.13509054481983185","0.13509054481983185","3448","3448","3448"
"1869","0.10016439110040665","0.10016439110040665","0.10016439110040665","3465","3465","3465"
"1879","0.1556839495897293","0.1556839495897293","0.1556839495897293","3482","3482","3482"
"1889","0.2857723534107208","0.2857723534107208","0.2857723534107208","3500","3500","3500"
"1899","0.1188310757279396","0.1188310757279396","0.1188310757279396","3517","3517","3517"
"1909","0.11423221975564957","0.11423221975564957","0.11423221975564957","3542","3542","3542"
"1919","0.1698365956544876","0.1698365956544876","0.1698365956544876","3559","3559","3559"
"1929","0.10857941210269928","0.10857941210269928","0.10857941210269928","3577","3577","3577"
"1939","0.10999810695648193","0.10999810695648193","0.10999810695648193","3594","3594","3594"
"1949","0.16317200660705566","0.16317200660705566","0.16317200660705566","3606","3606","3606"
"1959","0.1613045334815979","0.1613045334815979","0.1613045334815979","3632","3632","3632"
"1969","0.1322360783815384","0.1322360783815384","0.1322360783815384","3650","3650","3650"
"1979","0.1116199791431427","0.1116199791431427","0.1116199791431427","3667","3667","3667"
"1989","0.1329648494720459","0.1329648494720459","0.1329648494720459","3684","3684","3684"
"1999","0.0940510556101799","0.0940510556101799","0.0940510556101799","3701","3701","3701"
"2009","0.1295858919620514","0.1295858919620514","0.1295858919620514","3727","3727","3727"
"2019","0.11311713606119156","0.11311713606119156","0.11311713606119156","3744","3744","3744"
"2029","0.09743008762598038","0.09743008762598038","0.09743008762598038","3761","3761","3761"
"2039","0.10453162342309952","0.10453162342309952","0.10453162342309952","3778","3778","3778"
"2049","0.14906418323516846","0.14906418323516846","0.14906418323516846","3796","3796","3796"
"2059","0.13585367798805237","0.13585367798805237","0.13585367798805237","3821","3821","3821"
"2069","0.11258862167596817","0.11258862167596817","0.11258862167596817","3838","3838","3838"
"2079","0.13093435764312744","0.13093435764312744","0.13093435764312744","3851","3851","3851"
"2089","0.13912490010261536","0.13912490010261536","0.13912490010261536","3869","3869","3869"
"2099","0.12207499891519547","0.12207499891519547","0.12207499891519547","3886","3886","3886"
"2109","0.13191109895706177","0.13191109895706177","0.13191109895706177","3911","3911","3911"
"2119","0.13495297729969025","0.13495297729969025","0.13495297729969025","3929","3929","3929"
"2129","0.13740122318267822","0.13740122318267822","0.13740122318267822","3946","3946","3946"
"2139","0.1099354550242424","0.1099354550242424","0.1099354550242424","3963","3963","3963"
"2149","0.10277223587036133","0.10277223587036133","0.10277223587036133","3980","3980","3980"
"2159","0.11480596661567688","0.11480596661567688","0.11480596661567688","4006","4006","4006"
"2169","0.22047534584999084","0.22047534584999084","0.22047534584999084","4023","4023","4023"
"2179","0.19324219226837158","0.19324219226837158","0.19324219226837158","4040","4040","4040"
"2189","0.1493135243654251","0.1493135243654251","0.1493135243654251","4057","4057","4057"
"2199","0.1118311658501625","0.1118311658501625","0.1118311658501625","4075","4075","4075"
"2209","0.18237744271755219","0.18237744271755219","0.18237744271755219","4095","4095","4095"
"2219","0.16979943215847015","0.16979943215847015","0.16979943215847015","4113","4113","4113"
"2229","0.1406586915254593","0.1406586915254593","0.1406586915254593","4130","4130","4130"
"2239","0.10968108475208282","0.10968108475208282","0.10968108475208282","4148","4148","4148"
"2249","0.12636558711528778","0.12636558711528778","0.12636558711528778","4165","4165","4165"
"2259","0.09468533098697662","0.09468533098697662","0.09468533098697662","4190","4190","4190"
"2269","0.11094607412815094","0.11094607412815094","0.11094607412815094","4207","4207","4207"
"2279","0.15832605957984924","0.15832605957984924","0.15832605957984924","4225","4225","4225"
"2289","0.13534946739673615","0.13534946739673615","0.13534946739673615","4242","4242","4242"
"2299","0.1744338721036911","0.1744338721036911","0.1744338721036911","4259","4259","4259"
"2309","0.12175408005714417","0.12175408005714417","0.12175408005714417","4280","4280","4280"
"2319","0.1214255765080452","0.1214255765080452","0.1214255765080452","4298","4298","4298"
"2329","0.10748478025197983","0.10748478025197983","0.10748478025197983","4315","4315","4315"
"2339","0.20152810215950012","0.20152810215950012","0.20152810215950012","4327","4327","4327"
"2349","0.26088011264801025","0.26088011264801025","0.26088011264801025","4345","4345","4345"
"2359","0.27069321274757385","0.27069321274757385","0.27069321274757385","4371","4371","4371"
"2369","0.11879123747348785","0.11879123747348785","0.11879123747348785","4388","4388","4388"
"2379","0.11651749163866043","0.11651749163866043","0.11651749163866043","4405","4405","4405"
"2389","0.15990549325942993","0.15990549325942993","0.15990549325942993","4422","4422","4422"
"2399","0.1398571878671646","0.1398571878671646","0.1398571878671646","4440","4440","4440"
"2409","0.2586529552936554","0.2586529552936554","0.2586529552936554","4465","4465","4465"
"2419","0.1095464900135994","0.1095464900135994","0.1095464900135994","4482","4482","4482"
"2429","0.2235068827867508","0.2235068827867508","0.2235068827867508","4499","4499","4499"
"2439","0.1584763377904892","0.1584763377904892","0.1584763377904892","4517","4517","4517"
"2449","0.11445077508687973","0.11445077508687973","0.11445077508687973","4534","4534","4534"
"2459","0.08821230381727219","0.08821230381727219","0.08821230381727219","4559","4559","4559"
"2469","0.128742516040802","0.128742516040802","0.128742516040802","4572","4572","4572"
"2479","0.2258349061012268","0.2258349061012268","0.2258349061012268","4590","4590","4590"
"2489","0.11383076757192612","0.11383076757192612","0.11383076757192612","4607","4607","4607"
"2499","0.14537298679351807","0.14537298679351807","0.14537298679351807","4624","4624","4624"
"2509","0.12555022537708282","0.12555022537708282","0.12555022537708282","4650","4650","4650"
"2519","0.10265428572893143","0.10265428572893143","0.10265428572893143","4667","4667","4667"
"2529","0.12275312095880508","0.12275312095880508","0.12275312095880508","4684","4684","4684"
"2539","0.16908764839172363","0.16908764839172363","0.16908764839172363","4701","4701","4701"
"2549","0.09326294809579849","0.09326294809579849","0.09326294809579849","4719","4719","4719"
"2559","0.1852058321237564","0.1852058321237564","0.1852058321237564","4744","4744","4744"
"2569","0.22560283541679382","0.22560283541679382","0.22560283541679382","4761","4761","4761"
"2579","0.16498105227947235","0.16498105227947235","0.16498105227947235","4778","4778","4778"
"2589","0.10714853554964066","0.10714853554964066","0.10714853554964066","4796","4796","4796"
"2599","0.16620971262454987","0.16620971262454987","0.16620971262454987","4808","4808","4808"
"2609","0.14243674278259277","0.14243674278259277","0.14243674278259277","4834","4834","4834"
"2619","0.13804540038108826","0.13804540038108826","0.13804540038108826","4851","4851","4851"
"2629","0.11874455958604813","0.11874455958604813","0.11874455958604813","4869","4869","4869"
"2639","0.14558145403862","0.14558145403862","0.14558145403862","4886","4886","4886"
"2649","0.09866106510162354","0.09866106510162354","0.09866106510162354","4903","4903","4903"
"2659","0.10790795832872391","0.10790795832872391","0.10790795832872391","4928","4928","4928"
"2669","0.11520903557538986","0.11520903557538986","0.11520903557538986","4946","4946","4946"
"2679","0.11841937154531479","0.11841937154531479","0.11841937154531479","4963","4963","4963"
"2689","0.09122630208730698","0.09122630208730698","0.09122630208730698","4980","4980","4980"
"2699","0.24913141131401062","0.24913141131401062","0.24913141131401062","4997","4997","4997"
"2709","0.1236538216471672","0.1236538216471672","0.1236538216471672","5023","5023","5023"
"2719","0.11066577583551407","0.11066577583551407","0.11066577583551407","5040","5040","5040"
"2729","0.13230742514133453","0.13230742514133453","0.13230742514133453","5052","5052","5052"
"2739","0.12844331562519073","0.12844331562519073","0.12844331562519073","5070","5070","5070"
"2749","0.13375502824783325","0.13375502824783325","0.13375502824783325","5088","5088","5088"
"2759","0.18904200196266174","0.18904200196266174","0.18904200196266174","5113","5113","5113"
"2769","0.12623342871665955","0.12623342871665955","0.12623342871665955","5130","5130","5130"
"2779","0.10829523950815201","0.10829523950815201","0.10829523950815201","5147","5147","5147"
"2789","0.15442945063114166","0.15442945063114166","0.15442945063114166","5165","5165","5165"
"2799","0.12713368237018585","0.12713368237018585","0.12713368237018585","5182","5182","5182"
"2809","0.0891592800617218","0.0891592800617218","0.0891592800617218","5207","5207","5207"
"2819","0.18716154992580414","0.18716154992580414","0.18716154992580414","5224","5224","5224"
"2829","0.25146016478538513","0.25146016478538513","0.25146016478538513","5242","5242","5242"
"2839","0.14279532432556152","0.14279532432556152","0.14279532432556152","5259","5259","5259"
"2849","0.11374669522047043","0.11374669522047043","0.11374669522047043","5276","5276","5276"
"2859","0.11263738572597504","0.11263738572597504","0.11263738572597504","5297","5297","5297"
"2869","0.14228995144367218","0.14228995144367218","0.14228995144367218","5315","5315","5315"
"2879","0.12103792279958725","0.12103792279958725","0.12103792279958725","5332","5332","5332"
"2889","0.12793517112731934","0.12793517112731934","0.12793517112731934","5349","5349","5349"
"2899","0.10946260392665863","0.10946260392665863","0.10946260392665863","5367","5367","5367"
"2909","0.09665679186582565","0.09665679186582565","0.09665679186582565","5392","5392","5392"
"2919","0.13365884125232697","0.13365884125232697","0.13365884125232697","5409","5409","5409"
"2929","0.1178615614771843","0.1178615614771843","0.1178615614771843","5426","5426","5426"
"2939","0.10389665514230728","0.10389665514230728","0.10389665514230728","5444","5444","5444"
"2949","0.10074605792760849","0.10074605792760849","0.10074605792760849","5461","5461","5461"
"2959","0.21405871212482452","0.21405871212482452","0.21405871212482452","5482","5482","5482"
"2969","0.1515025645494461","0.1515025645494461","0.1515025645494461","5499","5499","5499"
"2979","0.10286550968885422","0.10286550968885422","0.10286550968885422","5517","5517","5517"
"2989","0.15038244426250458","0.15038244426250458","0.15038244426250458","5529","5529","5529"
"2999","0.1268797218799591","0.1268797218799591","0.1268797218799591","5547","5547","5547"
"3009","0.1689273715019226","0.1689273715019226","0.1689273715019226","5572","5572","5572"
"3019","0.13359202444553375","0.13359202444553375","0.13359202444553375","5590","5590","5590"
"3029","0.11803458631038666","0.11803458631038666","0.11803458631038666","5607","5607","5607"
"3039","0.11144856363534927","0.11144856363534927","0.11144856363534927","5624","5624","5624"
"3049","0.12584824860095978","0.12584824860095978","0.12584824860095978","5641","5641","5641"
"3059","0.11625014245510101","0.11625014245510101","0.11625014245510101","5667","5667","5667"
"3069","0.1091708391904831","0.1091708391904831","0.1091708391904831","5684","5684","5684"
"3079","0.18549393117427826","0.18549393117427826","0.18549393117427826","5701","5701","5701"
"3089","0.13783420622348785","0.13783420622348785","0.13783420622348785","5718","5718","5718"
"3099","0.13018494844436646","0.13018494844436646","0.13018494844436646","5736","5736","5736"
"3109","0.12777431309223175","0.12777431309223175","0.12777431309223175","5761","5761","5761"
"3119","0.11378034204244614","0.11378034204244614","0.11378034204244614","5773","5773","5773"
"3129","0.13346698880195618","0.13346698880195618","0.13346698880195618","5791","5791","5791"
"3139","0.11635259538888931","0.11635259538888931","0.11635259538888931","5809","5809","5809"
"3149","0.11628346890211105","0.11628346890211105","0.11628346890211105","5826","5826","5826"
"3159","0.10394729673862457","0.10394729673862457","0.10394729673862457","5851","5851","5851"
"3169","0.0966205894947052","0.0966205894947052","0.0966205894947052","5868","5868","5868"
"3179","0.15918941795825958","0.15918941795825958","0.15918941795825958","5886","5886","5886"
"3189","0.09641820937395096","0.09641820937395096","0.09641820937395096","5903","5903","5903"
"3199","0.09638437628746033","0.09638437628746033","0.09638437628746033","5920","5920","5920"
"3209","0.29195722937583923","0.29195722937583923","0.29195722937583923","5945","5945","5945"
"3219","0.15603967010974884","0.15603967010974884","0.15603967010974884","5963","5963","5963"
"3229","0.25547733902931213","0.25547733902931213","0.25547733902931213","5980","5980","5980"
"3239","0.10223788022994995","0.10223788022994995","0.10223788022994995","5997","5997","5997"
"3249","0.2549419701099396","0.2549419701099396","0.2549419701099396","6010","6010","6010"
"3259","0.11220373213291168","0.11220373213291168","0.11220373213291168","6036","6036","6036"
"3269","0.14250829815864563","0.14250829815864563","0.14250829815864563","6053","6053","6053"
"3279","0.12353608757257462","0.12353608757257462","0.12353608757257462","6070","6070","6070"
"3289","0.125251904129982","0.125251904129982","0.125251904129982","6088","6088","6088"
"3299","0.11278573423624039","0.11278573423624039","0.11278573423624039","6105","6105","6105"
"3309","0.09440406411886215","0.09440406411886215","0.09440406411886215","6130","6130","6130"
"3319","0.11784882098436356","0.11784882098436356","0.11784882098436356","6147","6147","6147"
"3329","0.11261294037103653","0.11261294037103653","0.11261294037103653","6165","6165","6165"
"3339","0.10728050768375397","0.10728050768375397","0.10728050768375397","6182","6182","6182"
"3349","0.12299472838640213","0.12299472838640213","0.12299472838640213","6199","6199","6199"
"3359","0.11962898820638657","0.11962898820638657","0.11962898820638657","6224","6224","6224"
"3369","0.09857285767793655","0.09857285767793655","0.09857285767793655","6242","6242","6242"
"3379","0.12390159070491791","0.12390159070491791","0.12390159070491791","6254","6254","6254"
"3389","0.13192607462406158","0.13192607462406158","0.13192607462406158","6272","6272","6272"
"3399","0.1198398545384407","0.1198398545384407","0.1198398545384407","6289","6289","6289"
"3409","0.11632382869720459","0.11632382869720459","0.11632382869720459","6315","6315","6315"
"3419","0.09859830141067505","0.09859830141067505","0.09859830141067505","6332","6332","6332"
"3429","0.15223146975040436","0.15223146975040436","0.15223146975040436","6349","6349","6349"
"3439","0.11548670381307602","0.11548670381307602","0.11548670381307602","6366","6366","6366"
"3449","0.12782222032546997","0.12782222032546997","0.12782222032546997","6384","6384","6384"
"3459","0.10549051314592361","0.10549051314592361","0.10549051314592361","6409","6409","6409"
"3469","0.253924697637558","0.253924697637558","0.253924697637558","6426","6426","6426"
"3479","0.15283671021461487","0.15283671021461487","0.15283671021461487","6443","6443","6443"
"3489","0.08955283463001251","0.08955283463001251","0.08955283463001251","6461","6461","6461"
"3499","0.11526041477918625","0.11526041477918625","0.11526041477918625","6478","6478","6478"
"3509","0.16794368624687195","0.16794368624687195","0.16794368624687195","6498","6498","6498"
"3519","0.12199457734823227","0.12199457734823227","0.12199457734823227","6516","6516","6516"
"3529","0.21531537175178528","0.21531537175178528","0.21531537175178528","6534","6534","6534"
"3539","0.1026519387960434","0.1026519387960434","0.1026519387960434","6551","6551","6551"
"3549","0.11140186339616776","0.11140186339616776","0.11140186339616776","6568","6568","6568"
"3559","0.12281494587659836","0.12281494587659836","0.12281494587659836","6593","6593","6593"
"3569","0.1404142826795578","0.1404142826795578","0.1404142826795578","6611","6611","6611"
"3579","0.1258845031261444","0.1258845031261444","0.1258845031261444","6628","6628","6628"
"3589","0.08411061763763428","0.08411061763763428","0.08411061763763428","6645","6645","6645"
"3599","0.11078589409589767","0.11078589409589767","0.11078589409589767","6662","6662","6662"
"3609","0.1360226422548294","0.1360226422548294","0.1360226422548294","6688","6688","6688"
"3619","0.13672173023223877","0.13672173023223877","0.13672173023223877","6705","6705","6705"
"3629","0.09497658163309097","0.09497658163309097","0.09497658163309097","6722","6722","6722"
"3639","0.12894605100154877","0.12894605100154877","0.12894605100154877","6735","6735","6735"
"3649","0.13196274638175964","0.13196274638175964","0.13196274638175964","6753","6753","6753"
"3659","0.1650635153055191","0.1650635153055191","0.1650635153055191","6778","6778","6778"
"3669","0.10846013575792313","0.10846013575792313","0.10846013575792313","6795","6795","6795"
"3679","0.12957023084163666","0.12957023084163666","0.12957023084163666","6813","6813","6813"
"3689","0.09659569710493088","0.09659569710493088","0.09659569710493088","6830","6830","6830"
"3699","0.15380845963954926","0.15380845963954926","0.15380845963954926","6847","6847","6847"
"3709","0.08917365968227386","0.08917365968227386","0.08917365968227386","6872","6872","6872"
"3719","0.10555728524923325","0.10555728524923325","0.10555728524923325","6890","6890","6890"
"3729","0.11192973703145981","0.11192973703145981","0.11192973703145981","6907","6907","6907"
"3739","0.15485067665576935","0.15485067665576935","0.15485067665576935","6924","6924","6924"
"3749","0.1493792086839676","0.1493792086839676","0.1493792086839676","6941","6941","6941"
"3759","0.10215902328491211","0.10215902328491211","0.10215902328491211","6967","6967","6967"
"3769","0.15938523411750793","0.15938523411750793","0.15938523411750793","6979","6979","6979"
"3779","0.16121183335781097","0.16121183335781097","0.16121183335781097","6997","6997","6997"
"3789","0.10719190537929535","0.10719190537929535","0.10719190537929535","7014","7014","7014"
"3799","0.12958188354969025","0.12958188354969025","0.12958188354969025","7032","7032","7032"
"3809","0.11986652761697769","0.11986652761697769","0.11986652761697769","7057","7057","7057"
"3819","0.1052442267537117","0.1052442267537117","0.1052442267537117","7074","7074","7074"
"3829","0.09624455124139786","0.09624455124139786","0.09624455124139786","7091","7091","7091"
"3839","0.14593130350112915","0.14593130350112915","0.14593130350112915","7109","7109","7109"
"3849","0.10205231606960297","0.10205231606960297","0.10205231606960297","7126","7126","7126"
"3859","0.1259738951921463","0.1259738951921463","0.1259738951921463","7151","7151","7151"
"3869","0.17184706032276154","0.17184706032276154","0.17184706032276154","7168","7168","7168"
"3879","0.10400858521461487","0.10400858521461487","0.10400858521461487","7186","7186","7186"
"3889","0.1091260313987732","0.1091260313987732","0.1091260313987732","7203","7203","7203"
"3899","0.1155703067779541","0.1155703067779541","0.1155703067779541","7215","7215","7215"
"3909","0.2821073532104492","0.2821073532104492","0.2821073532104492","7241","7241","7241"
"3919","0.20129762589931488","0.20129762589931488","0.20129762589931488","7259","7259","7259"
"3929","0.12295578420162201","0.12295578420162201","0.12295578420162201","7276","7276","7276"
"3939","0.09829085320234299","0.09829085320234299","0.09829085320234299","7293","7293","7293"
"3949","0.12433426827192307","0.12433426827192307","0.12433426827192307","7310","7310","7310"
"3959","0.12138667702674866","0.12138667702674866","0.12138667702674866","7336","7336","7336"
"3969","0.10703399032354355","0.10703399032354355","0.10703399032354355","7353","7353","7353"
"3979","0.11730531603097916","0.11730531603097916","0.11730531603097916","7370","7370","7370"
"3989","0.14036785066127777","0.14036785066127777","0.14036785066127777","7387","7387","7387"
"3999","0.1303308755159378","0.1303308755159378","0.1303308755159378","7405","7405","7405"
"4009","0.13631793856620789","0.13631793856620789","0.13631793856620789","7430","7430","7430"
"4019","0.10156897455453873","0.10156897455453873","0.10156897455453873","7447","7447","7447"
"4029","0.116630420088768","0.116630420088768","0.116630420088768","7460","7460","7460"
"4039","0.11191277951002121","0.11191277951002121","0.11191277951002121","7478","7478","7478"
"4049","0.13368675112724304","0.13368675112724304","0.13368675112724304","7495","7495","7495"
"4059","0.11983601003885269","0.11983601003885269","0.11983601003885269","7520","7520","7520"
"4069","0.1242419108748436","0.1242419108748436","0.1242419108748436","7538","7538","7538"
"4079","0.09697531163692474","0.09697531163692474","0.09697531163692474","7555","7555","7555"
"4089","0.11879248172044754","0.11879248172044754","0.11879248172044754","7572","7572","7572"
"4099","0.11422157287597656","0.11422157287597656","0.11422157287597656","7589","7589","7589"
"4109","0.1041586771607399","0.1041586771607399","0.1041586771607399","7615","7615","7615"
"4119","0.1823505014181137","0.1823505014181137","0.1823505014181137","7632","7632","7632"
"4129","0.13247008621692657","0.13247008621692657","0.13247008621692657","7649","7649","7649"
"4139","0.12362176924943924","0.12362176924943924","0.12362176924943924","7666","7666","7666"
"4149","0.08979392051696777","0.08979392051696777","0.08979392051696777","7684","7684","7684"
"4159","0.1340937316417694","0.1340937316417694","0.1340937316417694","7704","7704","7704"
"4169","0.20314963161945343","0.20314963161945343","0.20314963161945343","7722","7722","7722"
"4179","0.12535223364830017","0.12535223364830017","0.12535223364830017","7739","7739","7739"
"4189","0.09852901846170425","0.09852901846170425","0.09852901846170425","7757","7757","7757"
"4199","0.12217646092176437","0.12217646092176437","0.12217646092176437","7774","7774","7774"
"4209","0.08648055046796799","0.08648055046796799","0.08648055046796799","7799","7799","7799"
"4219","0.1398097425699234","0.1398097425699234","0.1398097425699234","7816","7816","7816"
"4229","0.13075216114521027","0.13075216114521027","0.13075216114521027","7834","7834","7834"
"4239","0.1032743826508522","0.1032743826508522","0.1032743826508522","7851","7851","7851"
"4249","0.1377771645784378","0.1377771645784378","0.1377771645784378","7868","7868","7868"
"4259","0.1259988695383072","0.1259988695383072","0.1259988695383072","7889","7889","7889"
"4269","0.11826062202453613","0.11826062202453613","0.11826062202453613","7907","7907","7907"
"4279","0.10309956967830658","0.10309956967830658","0.10309956967830658","7924","7924","7924"
"4289","0.133724644780159","0.133724644780159","0.133724644780159","7936","7936","7936"
"4299","0.21249306201934814","0.21249306201934814","0.21249306201934814","7954","7954","7954"
"4309","0.13649176061153412","0.13649176061153412","0.13649176061153412","7980","7980","7980"
"4319","0.11718720942735672","0.11718720942735672","0.11718720942735672","7997","7997","7997"
"4329","0.11809495091438293","0.11809495091438293","0.11809495091438293","8014","8014","8014"
"4339","0.10545293241739273","0.10545293241739273","0.10545293241739273","8031","8031","8031"
"4349","0.13907378911972046","0.13907378911972046","0.13907378911972046","8049","8049","8049"
"4359","0.12006555497646332","0.12006555497646332","0.12006555497646332","8074","8074","8074"
"4369","0.09658355265855789","0.09658355265855789","0.09658355265855789","8091","8091","8091"
"4379","0.1061694398522377","0.1061694398522377","0.1061694398522377","8108","8108","8108"
"4389","0.1804543435573578","0.1804543435573578","0.1804543435573578","8126","8126","8126"
"4399","0.15370257198810577","0.15370257198810577","0.15370257198810577","8143","8143","8143"
"4409","0.10631447285413742","0.10631447285413742","0.10631447285413742","8168","8168","8168"
"4419","0.14101974666118622","0.14101974666118622","0.14101974666118622","8181","8181","8181"
"4429","0.13337644934654236","0.13337644934654236","0.13337644934654236","8199","8199","8199"
"4439","0.11781387776136398","0.11781387776136398","0.11781387776136398","8216","8216","8216"
"4449","0.11078181862831116","0.11078181862831116","0.11078181862831116","8233","8233","8233"
"4459","0.09303034842014313","0.09303034842014313","0.09303034842014313","8259","8259","8259"
"4469","0.10368300974369049","0.10368300974369049","0.10368300974369049","8276","8276","8276"
"4479","0.12545771896839142","0.12545771896839142","0.12545771896839142","8293","8293","8293"
"4489","0.1189187616109848","0.1189187616109848","0.1189187616109848","8310","8310","8310"
"4499","0.09845259040594101","0.09845259040594101","0.09845259040594101","8328","8328","8328"
"4509","0.14040756225585938","0.14040756225585938","0.14040756225585938","8353","8353","8353"
"4519","0.15630371868610382","0.15630371868610382","0.15630371868610382","8370","8370","8370"
"4529","0.10067016631364822","0.10067016631364822","0.10067016631364822","8387","8387","8387"
"4539","0.10719362646341324","0.10719362646341324","0.10719362646341324","8405","8405","8405"
"4549","0.1593656688928604","0.1593656688928604","0.1593656688928604","8417","8417","8417"
"4559","0.21558481454849243","0.21558481454849243","0.21558481454849243","8443","8443","8443"
"4569","0.24570226669311523","0.24570226669311523","0.24570226669311523","8460","8460","8460"
"4579","0.12152283638715744","0.12152283638715744","0.12152283638715744","8478","8478","8478"
"4589","0.11186189204454422","0.11186189204454422","0.11186189204454422","8495","8495","8495"
"4599","0.12084553390741348","0.12084553390741348","0.12084553390741348","8512","8512","8512"
"4609","0.12774160504341125","0.12774160504341125","0.12774160504341125","8537","8537","8537"
"4619","0.1700400412082672","0.1700400412082672","0.1700400412082672","8555","8555","8555"
"4629","0.12573392689228058","0.12573392689228058","0.12573392689228058","8572","8572","8572"
"4639","0.09234816581010818","0.09234816581010818","0.09234816581010818","8589","8589","8589"
"4649","0.18081040680408478","0.18081040680408478","0.18081040680408478","8606","8606","8606"
"4659","0.12470001727342606","0.12470001727342606","0.12470001727342606","8632","8632","8632"
"4669","0.09490738809108734","0.09490738809108734","0.09490738809108734","8649","8649","8649"
"4679","0.1429135799407959","0.1429135799407959","0.1429135799407959","8661","8661","8661"
"4689","0.16436614096164703","0.16436614096164703","0.16436614096164703","8679","8679","8679"
"4699","0.13745909929275513","0.13745909929275513","0.13745909929275513","8697","8697","8697"
"4709","0.16295626759529114","0.16295626759529114","0.16295626759529114","8722","8722","8722"
"4719","0.10910273343324661","0.10910273343324661","0.10910273343324661","8739","8739","8739"
"4729","0.1330491155385971","0.1330491155385971","0.1330491155385971","8756","8756","8756"
"4739","0.11817660927772522","0.11817660927772522","0.11817660927772522","8774","8774","8774"
"4749","0.09987195581197739","0.09987195581197739","0.09987195581197739","8791","8791","8791"
"4759","0.1344008445739746","0.1344008445739746","0.1344008445739746","8816","8816","8816"
"4769","0.22144858539104462","0.22144858539104462","0.22144858539104462","8833","8833","8833"
"4779","0.15118363499641418","0.15118363499641418","0.15118363499641418","8851","8851","8851"
"4789","0.14810101687908173","0.14810101687908173","0.14810101687908173","8868","8868","8868"
"4799","0.09231748431921005","0.09231748431921005","0.09231748431921005","8885","8885","8885"
"4809","0.16477781534194946","0.16477781534194946","0.16477781534194946","8906","8906","8906"
"4819","0.1053185984492302","0.1053185984492302","0.1053185984492302","8924","8924","8924"
"4829","0.20002654194831848","0.20002654194831848","0.20002654194831848","8941","8941","8941"
"4839","0.11280392110347748","0.11280392110347748","0.11280392110347748","8958","8958","8958"
"4849","0.10514161735773087","0.10514161735773087","0.10514161735773087","8976","8976","8976"
"4859","0.08524152636528015","0.08524152636528015","0.08524152636528015","9001","9001","9001"
"4869","0.11019382625818253","0.11019382625818253","0.11019382625818253","9018","9018","9018"
"4879","0.1300797015428543","0.1300797015428543","0.1300797015428543","9035","9035","9035"
"4889","0.09087339043617249","0.09087339043617249","0.09087339043617249","9053","9053","9053"
"4899","0.09967130422592163","0.09967130422592163","0.09967130422592163","9070","9070","9070"
"4909","0.13956351578235626","0.13956351578235626","0.13956351578235626","9091","9091","9091"
"4919","0.12508437037467957","0.12508437037467957","0.12508437037467957","9108","9108","9108"
"4929","0.10148539394140244","0.10148539394140244","0.10148539394140244","9126","9126","9126"
"4939","0.11195969581604004","0.11195969581604004","0.11195969581604004","9138","9138","9138"
"4949","0.16734011471271515","0.16734011471271515","0.16734011471271515","9156","9156","9156"
"4959","0.09660764038562775","0.09660764038562775","0.09660764038562775","9181","9181","9181"
"4969","0.10895693302154541","0.10895693302154541","0.10895693302154541","9199","9199","9199"
"4979","0.10757787525653839","0.10757787525653839","0.10757787525653839","9216","9216","9216"
"4989","0.13400615751743317","0.13400615751743317","0.13400615751743317","9233","9233","9233"
"4999","0.11920159310102463","0.11920159310102463","0.11920159310102463","9250","9250","9250"