"trainer/global_step","c3g-sam-base - loss/mse_step","c3g-sam-base - loss/mse_step__MIN","c3g-sam-base - loss/mse_step__MAX","c3g-sam-base - _step","c3g-sam-base - _step__MIN","c3g-sam-base - _step__MAX"
"9","0.034398023039102554","0.034398023039102554","0.034398023039102554","12","12","12"
"19","0.04418592527508736","0.04418592527508736","0.04418592527508736","17","17","17"
"29","0.029398122802376747","0.029398122802376747","0.029398122802376747","22","22","22"
"39","0.014043226838111877","0.014043226838111877","0.014043226838111877","27","27","27"
"49","0.02459348738193512","0.02459348738193512","0.02459348738193512","32","32","32"
"59","0.1404014676809311","0.1404014676809311","0.1404014676809311","37","37","37"
"69","0.027242833748459816","0.027242833748459816","0.027242833748459816","42","42","42"
"79","0.017892397940158844","0.017892397940158844","0.017892397940158844","47","47","47"
"89","0.054835159331560135","0.054835159331560135","0.054835159331560135","52","52","52"
"99","0.045810993760824203","0.045810993760824203","0.045810993760824203","57","57","57"
"109","0.050112877041101456","0.050112877041101456","0.050112877041101456","62","62","62"
"119","0.013772398233413696","0.013772398233413696","0.013772398233413696","67","67","67"
"129","0.03724776208400726","0.03724776208400726","0.03724776208400726","72","72","72"
"139","0.04260846599936485","0.04260846599936485","0.04260846599936485","77","77","77"
"149","0.02421250008046627","0.02421250008046627","0.02421250008046627","82","82","82"
"159","0.03507545590400696","0.03507545590400696","0.03507545590400696","87","87","87"
"169","0.013814914040267467","0.013814914040267467","0.013814914040267467","92","92","92"
"179","0.060652073472738266","0.060652073472738266","0.060652073472738266","97","97","97"
"189","0.01115797832608223","0.01115797832608223","0.01115797832608223","102","102","102"
"199","0.023493142798542976","0.023493142798542976","0.023493142798542976","107","107","107"
"209","0.016515575349330902","0.016515575349330902","0.016515575349330902","112","112","112"
"219","0.054027386009693146","0.054027386009693146","0.054027386009693146","117","117","117"
"229","0.027933292090892792","0.027933292090892792","0.027933292090892792","122","122","122"
"239","0.06230344623327255","0.06230344623327255","0.06230344623327255","127","127","127"
"249","0.01528988592326641","0.01528988592326641","0.01528988592326641","132","132","132"
"259","0.04840229079127312","0.04840229079127312","0.04840229079127312","137","137","137"
"269","0.011718517169356346","0.011718517169356346","0.011718517169356346","143","143","143"
"279","0.024863963946700096","0.024863963946700096","0.024863963946700096","148","148","148"
"289","0.011610271409153938","0.011610271409153938","0.011610271409153938","153","153","153"
"299","0.009787491522729397","0.009787491522729397","0.009787491522729397","158","158","158"
"309","0.00792395044118166","0.00792395044118166","0.00792395044118166","163","163","163"
"319","0.011659650132060051","0.011659650132060051","0.011659650132060051","168","168","168"
"329","0.010593222454190254","0.010593222454190254","0.010593222454190254","173","173","173"
"339","0.02410358004271984","0.02410358004271984","0.02410358004271984","178","178","178"
"349","0.012041762471199036","0.012041762471199036","0.012041762471199036","183","183","183"
"359","0.04283687472343445","0.04283687472343445","0.04283687472343445","188","188","188"
"369","0.041807495057582855","0.041807495057582855","0.041807495057582855","193","193","193"
"379","0.03288589417934418","0.03288589417934418","0.03288589417934418","198","198","198"
"389","0.030252136290073395","0.030252136290073395","0.030252136290073395","203","203","203"
"399","0.04591551795601845","0.04591551795601845","0.04591551795601845","208","208","208"
"409","0.03711161017417908","0.03711161017417908","0.03711161017417908","213","213","213"
"419","0.028722653165459633","0.028722653165459633","0.028722653165459633","218","218","218"
"429","0.037581246346235275","0.037581246346235275","0.037581246346235275","223","223","223"
"439","0.02169966697692871","0.02169966697692871","0.02169966697692871","228","228","228"
"449","0.02354142628610134","0.02354142628610134","0.02354142628610134","233","233","233"
"459","0.018329884856939316","0.018329884856939316","0.018329884856939316","238","238","238"
"469","0.0342048779129982","0.0342048779129982","0.0342048779129982","243","243","243"
"479","0.02220671810209751","0.02220671810209751","0.02220671810209751","248","248","248"
"489","0.039867520332336426","0.039867520332336426","0.039867520332336426","253","253","253"
"499","0.016893327236175537","0.016893327236175537","0.016893327236175537","258","258","258"
"509","0.02991057187318802","0.02991057187318802","0.02991057187318802","296","296","296"
"519","0.027752846479415894","0.027752846479415894","0.027752846479415894","301","301","301"
"529","0.02343616634607315","0.02343616634607315","0.02343616634607315","306","306","306"
"539","0.006261253729462624","0.006261253729462624","0.006261253729462624","312","312","312"
"549","0.008761141449213028","0.008761141449213028","0.008761141449213028","317","317","317"
"559","0.011732703074812889","0.011732703074812889","0.011732703074812889","322","322","322"
"569","0.009158218279480934","0.009158218279480934","0.009158218279480934","327","327","327"
"579","0.008817771449685097","0.008817771449685097","0.008817771449685097","332","332","332"
"589","0.003425551811233163","0.003425551811233163","0.003425551811233163","337","337","337"
"599","0.013905733823776245","0.013905733823776245","0.013905733823776245","342","342","342"
"609","0.06561052054166794","0.06561052054166794","0.06561052054166794","347","347","347"
"619","0.05965205281972885","0.05965205281972885","0.05965205281972885","352","352","352"
"629","0.02725711651146412","0.02725711651146412","0.02725711651146412","357","357","357"
"639","0.04084133356809616","0.04084133356809616","0.04084133356809616","362","362","362"
"649","0.058308783918619156","0.058308783918619156","0.058308783918619156","367","367","367"
"659","0.09493358433246613","0.09493358433246613","0.09493358433246613","372","372","372"
"669","0.037604112178087234","0.037604112178087234","0.037604112178087234","377","377","377"
"679","0.050897546112537384","0.050897546112537384","0.050897546112537384","382","382","382"
"689","0.02167680487036705","0.02167680487036705","0.02167680487036705","387","387","387"
"699","0.02398240566253662","0.02398240566253662","0.02398240566253662","392","392","392"
"709","0.030713779851794243","0.030713779851794243","0.030713779851794243","397","397","397"
"719","0.01662522181868553","0.01662522181868553","0.01662522181868553","402","402","402"
"729","0.038926418870687485","0.038926418870687485","0.038926418870687485","407","407","407"
"739","0.018530089408159256","0.018530089408159256","0.018530089408159256","412","412","412"
"749","0.03662809357047081","0.03662809357047081","0.03662809357047081","417","417","417"
"759","0.024845540523529053","0.024845540523529053","0.024845540523529053","422","422","422"
"769","0.026879658922553062","0.026879658922553062","0.026879658922553062","427","427","427"
"779","0.03155764564871788","0.03155764564871788","0.03155764564871788","432","432","432"
"789","0.027732251212000847","0.027732251212000847","0.027732251212000847","437","437","437"
"799","0.027045102789998055","0.027045102789998055","0.027045102789998055","442","442","442"
"809","0.012345468625426292","0.012345468625426292","0.012345468625426292","448","448","448"
"819","0.0032303358893841505","0.0032303358893841505","0.0032303358893841505","453","453","453"
"829","0.013081686571240425","0.013081686571240425","0.013081686571240425","458","458","458"
"839","0.008528060279786587","0.008528060279786587","0.008528060279786587","463","463","463"
"849","0.0036928891204297543","0.0036928891204297543","0.0036928891204297543","468","468","468"
"859","0.008364099077880383","0.008364099077880383","0.008364099077880383","473","473","473"
"869","0.03901204466819763","0.03901204466819763","0.03901204466819763","478","478","478"
"879","0.11296094208955765","0.11296094208955765","0.11296094208955765","483","483","483"
"889","0.024590816348791122","0.024590816348791122","0.024590816348791122","488","488","488"
"899","0.02205490507185459","0.02205490507185459","0.02205490507185459","493","493","493"
"909","0.08269771188497543","0.08269771188497543","0.08269771188497543","498","498","498"
"919","0.07444871962070465","0.07444871962070465","0.07444871962070465","503","503","503"
"929","0.07973514497280121","0.07973514497280121","0.07973514497280121","508","508","508"
"939","0.02937682904303074","0.02937682904303074","0.02937682904303074","513","513","513"
"949","0.04893321543931961","0.04893321543931961","0.04893321543931961","518","518","518"
"959","0.07439076155424118","0.07439076155424118","0.07439076155424118","523","523","523"
"969","0.03714526444673538","0.03714526444673538","0.03714526444673538","528","528","528"
"979","0.06605451554059982","0.06605451554059982","0.06605451554059982","533","533","533"
"989","0.10204774141311646","0.10204774141311646","0.10204774141311646","538","538","538"
"999","0.2930269241333008","0.2930269241333008","0.2930269241333008","543","543","543"
"1009","0.2827979326248169","0.2827979326248169","0.2827979326248169","581","581","581"
"1019","0.6144323945045471","0.6144323945045471","0.6144323945045471","586","586","586"
"1029","0.2933690547943115","0.2933690547943115","0.2933690547943115","591","591","591"
"1039","0.41691309213638306","0.41691309213638306","0.41691309213638306","596","596","596"
"1049","0.25141748785972595","0.25141748785972595","0.25141748785972595","601","601","601"
"1059","0.1565437912940979","0.1565437912940979","0.1565437912940979","606","606","606"
"1069","0.23761369287967682","0.23761369287967682","0.23761369287967682","611","611","611"
"1079","0.14954043924808502","0.14954043924808502","0.14954043924808502","617","617","617"
"1089","0.32352715730667114","0.32352715730667114","0.32352715730667114","622","622","622"
"1099","0.26869335770606995","0.26869335770606995","0.26869335770606995","627","627","627"
"1109","0.39615073800086975","0.39615073800086975","0.39615073800086975","632","632","632"
"1119","0.49471816420555115","0.49471816420555115","0.49471816420555115","637","637","637"
"1129","0.34340280294418335","0.34340280294418335","0.34340280294418335","642","642","642"
"1139","0.28614160418510437","0.28614160418510437","0.28614160418510437","647","647","647"
"1149","0.09333903342485428","0.09333903342485428","0.09333903342485428","652","652","652"
"1159","0.283437579870224","0.283437579870224","0.283437579870224","657","657","657"
"1169","0.2666681110858917","0.2666681110858917","0.2666681110858917","662","662","662"
"1179","0.4897414445877075","0.4897414445877075","0.4897414445877075","667","667","667"
"1189","0.21087922155857086","0.21087922155857086","0.21087922155857086","672","672","672"
"1199","0.22691303491592407","0.22691303491592407","0.22691303491592407","677","677","677"
"1209","0.23831580579280853","0.23831580579280853","0.23831580579280853","682","682","682"
"1219","0.2349349409341812","0.2349349409341812","0.2349349409341812","687","687","687"
"1229","0.3329101800918579","0.3329101800918579","0.3329101800918579","692","692","692"
"1239","0.2578893303871155","0.2578893303871155","0.2578893303871155","697","697","697"
"1249","0.18522149324417114","0.18522149324417114","0.18522149324417114","702","702","702"
"1259","0.43854472041130066","0.43854472041130066","0.43854472041130066","707","707","707"
"1269","0.4847201108932495","0.4847201108932495","0.4847201108932495","712","712","712"
"1279","0.12365622073411942","0.12365622073411942","0.12365622073411942","717","717","717"
"1289","0.22384129464626312","0.22384129464626312","0.22384129464626312","722","722","722"
"1299","0.3918115198612213","0.3918115198612213","0.3918115198612213","727","727","727"
"1309","0.2472223937511444","0.2472223937511444","0.2472223937511444","732","732","732"
"1319","0.1950891762971878","0.1950891762971878","0.1950891762971878","737","737","737"
"1329","0.22981151938438416","0.22981151938438416","0.22981151938438416","742","742","742"
"1339","0.14242517948150635","0.14242517948150635","0.14242517948150635","747","747","747"
"1349","0.29719972610473633","0.29719972610473633","0.29719972610473633","753","753","753"
"1359","0.0882721021771431","0.0882721021771431","0.0882721021771431","758","758","758"
"1369","0.26103341579437256","0.26103341579437256","0.26103341579437256","763","763","763"
"1379","0.2500353753566742","0.2500353753566742","0.2500353753566742","768","768","768"
"1389","0.2570757269859314","0.2570757269859314","0.2570757269859314","773","773","773"
"1399","0.4701533317565918","0.4701533317565918","0.4701533317565918","778","778","778"
"1409","0.2973901629447937","0.2973901629447937","0.2973901629447937","783","783","783"
"1419","0.28240931034088135","0.28240931034088135","0.28240931034088135","788","788","788"
"1429","0.3416599631309509","0.3416599631309509","0.3416599631309509","793","793","793"
"1439","0.2501084804534912","0.2501084804534912","0.2501084804534912","798","798","798"
"1449","0.23629799485206604","0.23629799485206604","0.23629799485206604","803","803","803"
"1459","0.18817947804927826","0.18817947804927826","0.18817947804927826","808","808","808"
"1469","0.19731655716896057","0.19731655716896057","0.19731655716896057","813","813","813"
"1479","0.21211718022823334","0.21211718022823334","0.21211718022823334","818","818","818"
"1489","0.14976738393306732","0.14976738393306732","0.14976738393306732","823","823","823"
"1499","0.30156582593917847","0.30156582593917847","0.30156582593917847","828","828","828"
"1509","0.25868716835975647","0.25868716835975647","0.25868716835975647","866","866","866"
"1519","0.1464482545852661","0.1464482545852661","0.1464482545852661","871","871","871"
"1529","0.2494005709886551","0.2494005709886551","0.2494005709886551","876","876","876"
"1539","0.2005036622285843","0.2005036622285843","0.2005036622285843","881","881","881"
"1549","0.28041884303092957","0.28041884303092957","0.28041884303092957","886","886","886"
"1559","0.26727423071861267","0.26727423071861267","0.26727423071861267","891","891","891"
"1569","0.1613617092370987","0.1613617092370987","0.1613617092370987","896","896","896"
"1579","0.2163148671388626","0.2163148671388626","0.2163148671388626","901","901","901"
"1589","0.1654427945613861","0.1654427945613861","0.1654427945613861","906","906","906"
"1599","0.18911923468112946","0.18911923468112946","0.18911923468112946","911","911","911"
"1609","0.16368581354618073","0.16368581354618073","0.16368581354618073","917","917","917"
"1619","0.25351184606552124","0.25351184606552124","0.25351184606552124","922","922","922"
"1629","0.19485539197921753","0.19485539197921753","0.19485539197921753","927","927","927"
"1639","0.19231680035591125","0.19231680035591125","0.19231680035591125","932","932","932"
"1649","0.19210116565227509","0.19210116565227509","0.19210116565227509","937","937","937"
"1659","0.17328967154026031","0.17328967154026031","0.17328967154026031","942","942","942"
"1669","0.44793546199798584","0.44793546199798584","0.44793546199798584","947","947","947"
"1679","0.18373282253742218","0.18373282253742218","0.18373282253742218","952","952","952"
"1689","0.1854553073644638","0.1854553073644638","0.1854553073644638","957","957","957"
"1699","0.22294968366622925","0.22294968366622925","0.22294968366622925","962","962","962"
"1709","0.29299139976501465","0.29299139976501465","0.29299139976501465","967","967","967"
"1719","0.3194926679134369","0.3194926679134369","0.3194926679134369","972","972","972"
"1729","0.5202683806419373","0.5202683806419373","0.5202683806419373","977","977","977"
"1739","0.3511078953742981","0.3511078953742981","0.3511078953742981","982","982","982"
"1749","0.14806342124938965","0.14806342124938965","0.14806342124938965","987","987","987"
"1759","0.18222999572753906","0.18222999572753906","0.18222999572753906","992","992","992"
"1769","0.19191187620162964","0.19191187620162964","0.19191187620162964","997","997","997"
"1779","0.43362319469451904","0.43362319469451904","0.43362319469451904","1002","1002","1002"
"1789","0.5570603609085083","0.5570603609085083","0.5570603609085083","1007","1007","1007"
"1799","0.2501351535320282","0.2501351535320282","0.2501351535320282","1012","1012","1012"
"1809","0.3218618929386139","0.3218618929386139","0.3218618929386139","1017","1017","1017"
"1819","0.20361891388893127","0.20361891388893127","0.20361891388893127","1022","1022","1022"
"1829","0.3233130872249603","0.3233130872249603","0.3233130872249603","1027","1027","1027"
"1839","0.3154519200325012","0.3154519200325012","0.3154519200325012","1032","1032","1032"
"1849","0.2530946135520935","0.2530946135520935","0.2530946135520935","1037","1037","1037"
"1859","0.20813395082950592","0.20813395082950592","0.20813395082950592","1042","1042","1042"
"1869","0.3376922607421875","0.3376922607421875","0.3376922607421875","1047","1047","1047"
"1879","0.28449347615242004","0.28449347615242004","0.28449347615242004","1053","1053","1053"
"1889","0.2964061200618744","0.2964061200618744","0.2964061200618744","1058","1058","1058"
"1899","0.397745281457901","0.397745281457901","0.397745281457901","1063","1063","1063"
"1909","0.2464349865913391","0.2464349865913391","0.2464349865913391","1068","1068","1068"
"1919","0.13556712865829468","0.13556712865829468","0.13556712865829468","1073","1073","1073"
"1929","0.23729382455348969","0.23729382455348969","0.23729382455348969","1078","1078","1078"
"1939","0.3314509093761444","0.3314509093761444","0.3314509093761444","1083","1083","1083"
"1949","0.12498010694980621","0.12498010694980621","0.12498010694980621","1088","1088","1088"
"1959","0.2111710160970688","0.2111710160970688","0.2111710160970688","1093","1093","1093"
"1969","0.5014751553535461","0.5014751553535461","0.5014751553535461","1098","1098","1098"
"1979","0.39342200756073","0.39342200756073","0.39342200756073","1103","1103","1103"
"1989","0.3209124505519867","0.3209124505519867","0.3209124505519867","1108","1108","1108"
"1999","0.21704962849617004","0.21704962849617004","0.21704962849617004","1113","1113","1113"
"2009","0.3515525460243225","0.3515525460243225","0.3515525460243225","1151","1151","1151"
"2019","0.3750998377799988","0.3750998377799988","0.3750998377799988","1156","1156","1156"
"2029","0.3538050353527069","0.3538050353527069","0.3538050353527069","1161","1161","1161"
"2039","0.14705586433410645","0.14705586433410645","0.14705586433410645","1166","1166","1166"
"2049","0.2591238021850586","0.2591238021850586","0.2591238021850586","1171","1171","1171"
"2059","0.223858043551445","0.223858043551445","0.223858043551445","1176","1176","1176"
"2069","0.3637775182723999","0.3637775182723999","0.3637775182723999","1181","1181","1181"
"2079","0.54085373878479","0.54085373878479","0.54085373878479","1186","1186","1186"
"2089","0.3197152018547058","0.3197152018547058","0.3197152018547058","1191","1191","1191"
"2099","0.26969170570373535","0.26969170570373535","0.26969170570373535","1196","1196","1196"
"2109","0.33455896377563477","0.33455896377563477","0.33455896377563477","1201","1201","1201"
"2119","0.22688093781471252","0.22688093781471252","0.22688093781471252","1206","1206","1206"
"2129","0.1419164389371872","0.1419164389371872","0.1419164389371872","1211","1211","1211"
"2139","0.31563600897789","0.31563600897789","0.31563600897789","1216","1216","1216"
"2149","0.3471028506755829","0.3471028506755829","0.3471028506755829","1222","1222","1222"
"2159","0.13698557019233704","0.13698557019233704","0.13698557019233704","1227","1227","1227"
"2169","0.26422590017318726","0.26422590017318726","0.26422590017318726","1232","1232","1232"
"2179","0.23233112692832947","0.23233112692832947","0.23233112692832947","1237","1237","1237"
"2189","0.4536152184009552","0.4536152184009552","0.4536152184009552","1242","1242","1242"
"2199","0.39385566115379333","0.39385566115379333","0.39385566115379333","1247","1247","1247"
"2209","0.32138198614120483","0.32138198614120483","0.32138198614120483","1252","1252","1252"
"2219","0.3473140597343445","0.3473140597343445","0.3473140597343445","1257","1257","1257"
"2229","0.23700453341007233","0.23700453341007233","0.23700453341007233","1262","1262","1262"
"2239","0.1466268002986908","0.1466268002986908","0.1466268002986908","1267","1267","1267"
"2249","0.27907997369766235","0.27907997369766235","0.27907997369766235","1272","1272","1272"
"2259","0.3207295835018158","0.3207295835018158","0.3207295835018158","1277","1277","1277"
"2269","0.2975802719593048","0.2975802719593048","0.2975802719593048","1282","1282","1282"
"2279","0.13612118363380432","0.13612118363380432","0.13612118363380432","1287","1287","1287"
"2289","0.5885275602340698","0.5885275602340698","0.5885275602340698","1292","1292","1292"
"2299","0.2267303764820099","0.2267303764820099","0.2267303764820099","1297","1297","1297"
"2309","0.10948257893323898","0.10948257893323898","0.10948257893323898","1302","1302","1302"
"2319","0.10339223593473434","0.10339223593473434","0.10339223593473434","1307","1307","1307"
"2329","0.16869962215423584","0.16869962215423584","0.16869962215423584","1312","1312","1312"
"2339","0.192901611328125","0.192901611328125","0.192901611328125","1317","1317","1317"
"2349","0.20051541924476624","0.20051541924476624","0.20051541924476624","1322","1322","1322"
"2359","0.36301901936531067","0.36301901936531067","0.36301901936531067","1327","1327","1327"
"2369","0.32055428624153137","0.32055428624153137","0.32055428624153137","1332","1332","1332"
"2379","0.21787495911121368","0.21787495911121368","0.21787495911121368","1337","1337","1337"
"2389","0.15822827816009521","0.15822827816009521","0.15822827816009521","1342","1342","1342"
"2399","0.3080351650714874","0.3080351650714874","0.3080351650714874","1347","1347","1347"
"2409","0.1075054183602333","0.1075054183602333","0.1075054183602333","1352","1352","1352"
"2419","0.139445498585701","0.139445498585701","0.139445498585701","1358","1358","1358"
"2429","0.3763903081417084","0.3763903081417084","0.3763903081417084","1363","1363","1363"
"2439","0.23916754126548767","0.23916754126548767","0.23916754126548767","1368","1368","1368"
"2449","0.2725120782852173","0.2725120782852173","0.2725120782852173","1373","1373","1373"
"2459","0.3704269230365753","0.3704269230365753","0.3704269230365753","1378","1378","1378"
"2469","0.24605536460876465","0.24605536460876465","0.24605536460876465","1383","1383","1383"
"2479","0.20279252529144287","0.20279252529144287","0.20279252529144287","1388","1388","1388"
"2489","0.09150712192058563","0.09150712192058563","0.09150712192058563","1393","1393","1393"
"2499","0.4432220160961151","0.4432220160961151","0.4432220160961151","1398","1398","1398"
"2509","0.32160601019859314","0.32160601019859314","0.32160601019859314","1436","1436","1436"
"2519","0.333981990814209","0.333981990814209","0.333981990814209","1441","1441","1441"
"2529","0.3463418185710907","0.3463418185710907","0.3463418185710907","1446","1446","1446"
"2539","0.3902527689933777","0.3902527689933777","0.3902527689933777","1451","1451","1451"
"2549","0.3533373773097992","0.3533373773097992","0.3533373773097992","1456","1456","1456"
"2559","0.27240967750549316","0.27240967750549316","0.27240967750549316","1461","1461","1461"
"2569","0.24907173216342926","0.24907173216342926","0.24907173216342926","1466","1466","1466"
"2579","0.26321521401405334","0.26321521401405334","0.26321521401405334","1471","1471","1471"
"2589","0.09891489893198013","0.09891489893198013","0.09891489893198013","1476","1476","1476"
"2599","0.31393274664878845","0.31393274664878845","0.31393274664878845","1481","1481","1481"
"2609","0.5964429974555969","0.5964429974555969","0.5964429974555969","1486","1486","1486"
"2619","0.17357712984085083","0.17357712984085083","0.17357712984085083","1491","1491","1491"
"2629","0.25856345891952515","0.25856345891952515","0.25856345891952515","1496","1496","1496"
"2639","0.2806190252304077","0.2806190252304077","0.2806190252304077","1501","1501","1501"
"2649","0.3202023208141327","0.3202023208141327","0.3202023208141327","1506","1506","1506"
"2659","0.19757653772830963","0.19757653772830963","0.19757653772830963","1511","1511","1511"
"2669","0.23006018996238708","0.23006018996238708","0.23006018996238708","1516","1516","1516"
"2679","0.2266407459974289","0.2266407459974289","0.2266407459974289","1521","1521","1521"
"2689","0.37153440713882446","0.37153440713882446","0.37153440713882446","1527","1527","1527"
"2699","0.1531125009059906","0.1531125009059906","0.1531125009059906","1532","1532","1532"
"2709","0.4094882607460022","0.4094882607460022","0.4094882607460022","1537","1537","1537"
"2719","0.2552542984485626","0.2552542984485626","0.2552542984485626","1542","1542","1542"
"2729","0.1987842470407486","0.1987842470407486","0.1987842470407486","1547","1547","1547"
"2739","0.4032061994075775","0.4032061994075775","0.4032061994075775","1552","1552","1552"
"2749","0.3300454318523407","0.3300454318523407","0.3300454318523407","1557","1557","1557"
"2759","0.2783474326133728","0.2783474326133728","0.2783474326133728","1562","1562","1562"
"2769","0.18312516808509827","0.18312516808509827","0.18312516808509827","1567","1567","1567"
"2779","0.23132793605327606","0.23132793605327606","0.23132793605327606","1572","1572","1572"
"2789","0.27495479583740234","0.27495479583740234","0.27495479583740234","1577","1577","1577"
"2799","0.2602073550224304","0.2602073550224304","0.2602073550224304","1582","1582","1582"
"2809","0.13825064897537231","0.13825064897537231","0.13825064897537231","1587","1587","1587"
"2819","0.19287900626659393","0.19287900626659393","0.19287900626659393","1592","1592","1592"
"2829","0.22784782946109772","0.22784782946109772","0.22784782946109772","1597","1597","1597"
"2839","0.23636563122272491","0.23636563122272491","0.23636563122272491","1602","1602","1602"
"2849","0.2912956178188324","0.2912956178188324","0.2912956178188324","1607","1607","1607"
"2859","0.31617751717567444","0.31617751717567444","0.31617751717567444","1612","1612","1612"
"2869","0.1521463543176651","0.1521463543176651","0.1521463543176651","1617","1617","1617"
"2879","0.25373727083206177","0.25373727083206177","0.25373727083206177","1622","1622","1622"
"2889","0.2766965329647064","0.2766965329647064","0.2766965329647064","1627","1627","1627"
"2899","0.31760722398757935","0.31760722398757935","0.31760722398757935","1632","1632","1632"
"2909","0.20937904715538025","0.20937904715538025","0.20937904715538025","1637","1637","1637"
"2919","0.18658499419689178","0.18658499419689178","0.18658499419689178","1642","1642","1642"
"2929","0.19308024644851685","0.19308024644851685","0.19308024644851685","1647","1647","1647"
"2939","0.2247699350118637","0.2247699350118637","0.2247699350118637","1652","1652","1652"
"2949","0.3037262558937073","0.3037262558937073","0.3037262558937073","1658","1658","1658"
"2959","0.297410249710083","0.297410249710083","0.297410249710083","1663","1663","1663"
"2969","0.12426090985536575","0.12426090985536575","0.12426090985536575","1668","1668","1668"
"2979","0.20826759934425354","0.20826759934425354","0.20826759934425354","1673","1673","1673"
"2989","0.30591678619384766","0.30591678619384766","0.30591678619384766","1678","1678","1678"
"2999","0.15674392879009247","0.15674392879009247","0.15674392879009247","1683","1683","1683"
"3009","0.16508987545967102","0.16508987545967102","0.16508987545967102","1721","1721","1721"
"3019","0.20993246138095856","0.20993246138095856","0.20993246138095856","1726","1726","1726"
"3029","0.22871379554271698","0.22871379554271698","0.22871379554271698","1731","1731","1731"
"3039","0.17726677656173706","0.17726677656173706","0.17726677656173706","1736","1736","1736"
"3049","0.19347761571407318","0.19347761571407318","0.19347761571407318","1741","1741","1741"
"3059","0.16412051022052765","0.16412051022052765","0.16412051022052765","1746","1746","1746"
"3069","0.43706977367401123","0.43706977367401123","0.43706977367401123","1751","1751","1751"
"3079","0.2736565172672272","0.2736565172672272","0.2736565172672272","1756","1756","1756"
"3089","0.15093863010406494","0.15093863010406494","0.15093863010406494","1761","1761","1761"
"3099","0.19738397002220154","0.19738397002220154","0.19738397002220154","1766","1766","1766"
"3109","0.2796943783760071","0.2796943783760071","0.2796943783760071","1771","1771","1771"
"3119","0.27573350071907043","0.27573350071907043","0.27573350071907043","1776","1776","1776"
"3129","0.4356214106082916","0.4356214106082916","0.4356214106082916","1781","1781","1781"
"3139","0.22359371185302734","0.22359371185302734","0.22359371185302734","1786","1786","1786"
"3149","0.28723955154418945","0.28723955154418945","0.28723955154418945","1791","1791","1791"
"3159","0.17862489819526672","0.17862489819526672","0.17862489819526672","1796","1796","1796"
"3169","0.3097062110900879","0.3097062110900879","0.3097062110900879","1801","1801","1801"
"3179","0.32441437244415283","0.32441437244415283","0.32441437244415283","1806","1806","1806"
"3189","0.062074534595012665","0.062074534595012665","0.062074534595012665","1811","1811","1811"
"3199","0.19696952402591705","0.19696952402591705","0.19696952402591705","1816","1816","1816"
"3209","0.271623432636261","0.271623432636261","0.271623432636261","1821","1821","1821"
"3219","0.19458284974098206","0.19458284974098206","0.19458284974098206","1827","1827","1827"
"3229","0.29937615990638733","0.29937615990638733","0.29937615990638733","1832","1832","1832"
"3239","0.32403409481048584","0.32403409481048584","0.32403409481048584","1837","1837","1837"
"3249","0.5948463678359985","0.5948463678359985","0.5948463678359985","1842","1842","1842"
"3259","0.14429987967014313","0.14429987967014313","0.14429987967014313","1847","1847","1847"
"3269","0.29758113622665405","0.29758113622665405","0.29758113622665405","1852","1852","1852"
"3279","0.396772176027298","0.396772176027298","0.396772176027298","1857","1857","1857"
"3289","0.12304031103849411","0.12304031103849411","0.12304031103849411","1862","1862","1862"
"3299","0.22782161831855774","0.22782161831855774","0.22782161831855774","1867","1867","1867"
"3309","0.38494324684143066","0.38494324684143066","0.38494324684143066","1872","1872","1872"
"3319","0.32738196849823","0.32738196849823","0.32738196849823","1877","1877","1877"
"3329","0.21951597929000854","0.21951597929000854","0.21951597929000854","1882","1882","1882"
"3339","0.22396329045295715","0.22396329045295715","0.22396329045295715","1887","1887","1887"
"3349","0.10012222826480865","0.10012222826480865","0.10012222826480865","1892","1892","1892"
"3359","0.33903104066848755","0.33903104066848755","0.33903104066848755","1897","1897","1897"
"3369","0.3885817229747772","0.3885817229747772","0.3885817229747772","1902","1902","1902"
"3379","0.2947343587875366","0.2947343587875366","0.2947343587875366","1907","1907","1907"
"3389","0.2398342341184616","0.2398342341184616","0.2398342341184616","1912","1912","1912"
"3399","0.15366914868354797","0.15366914868354797","0.15366914868354797","1917","1917","1917"
"3409","0.5792289972305298","0.5792289972305298","0.5792289972305298","1922","1922","1922"
"3419","0.3841800093650818","0.3841800093650818","0.3841800093650818","1927","1927","1927"
"3429","0.40849655866622925","0.40849655866622925","0.40849655866622925","1932","1932","1932"
"3439","0.2881256937980652","0.2881256937980652","0.2881256937980652","1937","1937","1937"
"3449","0.18395940959453583","0.18395940959453583","0.18395940959453583","1942","1942","1942"
"3459","0.3306730389595032","0.3306730389595032","0.3306730389595032","1947","1947","1947"
"3469","0.1308869570493698","0.1308869570493698","0.1308869570493698","1952","1952","1952"
"3479","0.21976310014724731","0.21976310014724731","0.21976310014724731","1957","1957","1957"
"3489","0.2787390351295471","0.2787390351295471","0.2787390351295471","1963","1963","1963"
"3499","0.08935072273015976","0.08935072273015976","0.08935072273015976","1968","1968","1968"
"3509","0.35019272565841675","0.35019272565841675","0.35019272565841675","2006","2006","2006"
"3519","0.20370279252529144","0.20370279252529144","0.20370279252529144","2011","2011","2011"
"3529","0.6060677766799927","0.6060677766799927","0.6060677766799927","2016","2016","2016"
"3539","0.5421282649040222","0.5421282649040222","0.5421282649040222","2021","2021","2021"
"3549","0.22923971712589264","0.22923971712589264","0.22923971712589264","2026","2026","2026"
"3559","0.33544573187828064","0.33544573187828064","0.33544573187828064","2031","2031","2031"
"3569","0.34675565361976624","0.34675565361976624","0.34675565361976624","2036","2036","2036"
"3579","0.18873561918735504","0.18873561918735504","0.18873561918735504","2041","2041","2041"
"3589","0.23714810609817505","0.23714810609817505","0.23714810609817505","2046","2046","2046"
"3599","0.3212655782699585","0.3212655782699585","0.3212655782699585","2051","2051","2051"
"3609","0.2533092796802521","0.2533092796802521","0.2533092796802521","2056","2056","2056"
"3619","0.10024596005678177","0.10024596005678177","0.10024596005678177","2061","2061","2061"
"3629","0.7133514881134033","0.7133514881134033","0.7133514881134033","2066","2066","2066"
"3639","0.33446750044822693","0.33446750044822693","0.33446750044822693","2071","2071","2071"
"3649","0.09231000393629074","0.09231000393629074","0.09231000393629074","2076","2076","2076"
"3659","0.08814606070518494","0.08814606070518494","0.08814606070518494","2081","2081","2081"
"3669","0.1873718649148941","0.1873718649148941","0.1873718649148941","2086","2086","2086"
"3679","0.3485783636569977","0.3485783636569977","0.3485783636569977","2091","2091","2091"
"3689","0.2471013367176056","0.2471013367176056","0.2471013367176056","2096","2096","2096"
"3699","0.47152847051620483","0.47152847051620483","0.47152847051620483","2101","2101","2101"
"3709","0.2364058941602707","0.2364058941602707","0.2364058941602707","2106","2106","2106"
"3719","0.42194297909736633","0.42194297909736633","0.42194297909736633","2111","2111","2111"
"3729","0.21446634829044342","0.21446634829044342","0.21446634829044342","2116","2116","2116"
"3739","0.23603111505508423","0.23603111505508423","0.23603111505508423","2121","2121","2121"
"3749","0.12502479553222656","0.12502479553222656","0.12502479553222656","2126","2126","2126"
"3759","0.14701052010059357","0.14701052010059357","0.14701052010059357","2132","2132","2132"
"3769","0.2381686419248581","0.2381686419248581","0.2381686419248581","2137","2137","2137"
"3779","0.2091221660375595","0.2091221660375595","0.2091221660375595","2142","2142","2142"
"3789","0.43714621663093567","0.43714621663093567","0.43714621663093567","2147","2147","2147"
"3799","0.1626124233007431","0.1626124233007431","0.1626124233007431","2152","2152","2152"
"3809","0.2540290653705597","0.2540290653705597","0.2540290653705597","2157","2157","2157"
"3819","0.3817640542984009","0.3817640542984009","0.3817640542984009","2162","2162","2162"
"3829","0.15158143639564514","0.15158143639564514","0.15158143639564514","2167","2167","2167"
"3839","0.31218719482421875","0.31218719482421875","0.31218719482421875","2172","2172","2172"
"3849","0.3126402795314789","0.3126402795314789","0.3126402795314789","2177","2177","2177"
"3859","0.4662378430366516","0.4662378430366516","0.4662378430366516","2182","2182","2182"
"3869","0.23348605632781982","0.23348605632781982","0.23348605632781982","2187","2187","2187"
"3879","0.41037413477897644","0.41037413477897644","0.41037413477897644","2192","2192","2192"
"3889","0.35311341285705566","0.35311341285705566","0.35311341285705566","2197","2197","2197"
"3899","0.23845721781253815","0.23845721781253815","0.23845721781253815","2202","2202","2202"
"3909","0.2411128133535385","0.2411128133535385","0.2411128133535385","2207","2207","2207"
"3919","0.171378031373024","0.171378031373024","0.171378031373024","2212","2212","2212"
"3929","0.18747441470623016","0.18747441470623016","0.18747441470623016","2217","2217","2217"
"3939","0.23128695785999298","0.23128695785999298","0.23128695785999298","2222","2222","2222"
"3949","0.5676373243331909","0.5676373243331909","0.5676373243331909","2227","2227","2227"
"3959","0.14508868753910065","0.14508868753910065","0.14508868753910065","2232","2232","2232"
"3969","0.19371668994426727","0.19371668994426727","0.19371668994426727","2237","2237","2237"
"3979","0.20574966073036194","0.20574966073036194","0.20574966073036194","2242","2242","2242"
"3989","0.13338488340377808","0.13338488340377808","0.13338488340377808","2247","2247","2247"
"3999","0.11316380649805069","0.11316380649805069","0.11316380649805069","2252","2252","2252"
"4009","0.22886845469474792","0.22886845469474792","0.22886845469474792","2290","2290","2290"
"4019","0.23990485072135925","0.23990485072135925","0.23990485072135925","2295","2295","2295"
"4029","0.33883729577064514","0.33883729577064514","0.33883729577064514","2301","2301","2301"
"4039","0.18186448514461517","0.18186448514461517","0.18186448514461517","2306","2306","2306"
"4049","0.4101344645023346","0.4101344645023346","0.4101344645023346","2311","2311","2311"
"4059","0.3267051875591278","0.3267051875591278","0.3267051875591278","2316","2316","2316"
"4069","0.2272627204656601","0.2272627204656601","0.2272627204656601","2321","2321","2321"
"4079","0.3535025417804718","0.3535025417804718","0.3535025417804718","2326","2326","2326"
"4089","0.3253380358219147","0.3253380358219147","0.3253380358219147","2331","2331","2331"
"4099","0.2667030096054077","0.2667030096054077","0.2667030096054077","2336","2336","2336"
"4109","0.16192270815372467","0.16192270815372467","0.16192270815372467","2341","2341","2341"
"4119","0.28461799025535583","0.28461799025535583","0.28461799025535583","2346","2346","2346"
"4129","0.3546209931373596","0.3546209931373596","0.3546209931373596","2351","2351","2351"
"4139","0.1684015393257141","0.1684015393257141","0.1684015393257141","2356","2356","2356"
"4149","0.1578807681798935","0.1578807681798935","0.1578807681798935","2361","2361","2361"
"4159","0.2933098077774048","0.2933098077774048","0.2933098077774048","2366","2366","2366"
"4169","0.18272455036640167","0.18272455036640167","0.18272455036640167","2371","2371","2371"
"4179","0.3403077721595764","0.3403077721595764","0.3403077721595764","2376","2376","2376"
"4189","0.23766666650772095","0.23766666650772095","0.23766666650772095","2381","2381","2381"
"4199","0.1841372400522232","0.1841372400522232","0.1841372400522232","2386","2386","2386"
"4209","0.1463724672794342","0.1463724672794342","0.1463724672794342","2391","2391","2391"
"4219","0.2238897830247879","0.2238897830247879","0.2238897830247879","2396","2396","2396"
"4229","0.10269225388765335","0.10269225388765335","0.10269225388765335","2401","2401","2401"
"4239","0.30654531717300415","0.30654531717300415","0.30654531717300415","2406","2406","2406"
"4249","0.14824415743350983","0.14824415743350983","0.14824415743350983","2411","2411","2411"
"4259","0.15412043035030365","0.15412043035030365","0.15412043035030365","2416","2416","2416"
"4269","0.144044429063797","0.144044429063797","0.144044429063797","2421","2421","2421"